brand,name,old_price_reais,old_price_centavos,new_price_reais,new_price_centavos,reviews_rating_number,reviews_amount
REEBOK,Reebok Zig Dynamica 4 Masculino Adultos,1.099,64,106,,,
FILA,Tênis Fila Float Maxxi 2 Pro Masculino Branco E Verde,899,99,87,25,,
OLYMPIKUS,Tênis Olympikus Noventa Branco Masculino Pro,212,98,20,70,,
OLYMPIKUS,Olympikus Casual Index 3 Masculino Adultos 43611218_1-004,189,99,149,99,4.8,(1121)
FILA,Tênis Fila Racer Nairobi,319,90,31,99,,
FILA,Tênis Fila Racer Nairobi  Masculino Cinza E Azul Original,379,99,36,84,,
NEW BALANCE,Tênis Esportivo New Balance Conforto Amortecimento Masculino,499,99,50,,,
TRYD,Tênis Para Treino Academia Caminhada Corrida Tryd 5400 Leve,99,99,71,99,4.5,(9778)
OLYMPIKUS,Tênis Running Masculino Olympikus Titanium Amarelo,493,99,49,40,,
,Tenis Masculino Academia Corrida Wave Force Promoção Barato,75,99,72,19,4.2,(366)
,Kit Tênis De Corrida Masculino Academia Leve + Relógio,99,90,9,71,4.4,(260)
MIZUNO,Tenis Esportivo Exclusivo Atividade Fisica Leve Confortavel,149,90,14,57,4.6,(324)
NIKE,Tênis Nike Renew Ride 3 Masculino,309,99,31,,4.7,(70)
OLYMPIKUS,Tênis Running Masculino Original Olympikus Pride 3,493,99,49,40,,
OLYMPIKUS,Tênis Running Masculino Olympikus Original Hybrid,444,58,44,46,,
OLYMPIKUS,Tênis Running Masculino Olympikus Original Dynamic,345,75,34,58,,
OLYMPIKUS,Olympikus Treino Dynamic Masculino Adultos,279,99,198,99,4.8,(5810)
OLYMPIKUS,Tênis Running Masculino Original Olympikus Aros,493,99,49,40,,
BLACK FREE,Kit 2 Pares Tênis Black Free Evolution Masculino Promoção,219,90,31,41,4.5,(642)
,Tenis Masculino Treino Academia Fitness Look Shoes,179,90,79,15,,
MIZUNO,Tênis Mizuno Masculino Wave Mirai 5 Esportivo Corrida,529,90,386,82,5.0,(4)
OLYMPIKUS,Tênis Running Masculino Olympikus Esportivo Subverse,432,23,43,22,,
NIKE,Tênis Nike Renew Ride 3 Masculino,299,99,29,08,4.7,(65)
OLYMPIKUS,Tênis Running Masculino Original Olympikus Asfalto,345,75,34,58,,
FILA,Tênis Fila Float Maxxi 2 Pro Original,899,99,87,25,,
OLYMPIKUS,Tênis Running Masculino Evasense Olympikus Dynamic,345,75,34,58,,
FILA,Tênis Fila Float Maxxi 2 Masculino,699,90,594,91,,
FILA,Tênis Fila Float Maxxi 2 Pro Masculino Original ,899,99,90,,,
OLYMPIKUS,Tênis Running Masculino Olympikus Diffuse 5,370,46,37,05,,
OLYMPIKUS,Olympikus Zex Masculino Adultos,229,99,163,99,4.7,(139)
OLYMPIKUS,Olympikus Caminhada Urano 2 Sem gênero Adultos,229,99,152,99,4.8,(1151)
UNDER ARMOUR,Tênis Under Armour Charged Skyline 4 Masculino Caminhada,399,90,339,40,,
OLYMPIKUS,Olympikus Express Masculino Adultos,274,99,195,99,4.6,(276)
OLYMPIKUS,Olympikus 24/7 Lap Masculino Adultos,143,90,13,99,4.8,(7796)
OLYMPIKUS,Olympikus Corre 3 Sem gênero Adultos,499,90,49,,4.8,(47)
DM DAMANDO,Tenis Masculino Confortavel/academia/crossfit + Relógio,77,90,74,67,4.5,(4828)
OLYMPIKUS,Olympikus Treino Proof 3 Masculino Adultos,199,99,150,99,4.8,(1599)
OLYMPIKUS,Tênis Running Masculino Olympikus Original Pride 3,493,99,49,40,,
OLYMPIKUS,Olympikus CORRIDA Reverso 2 Masculino Adultos,379,41,299,27,4.8,(42)
ADIDAS,Tênis Grand Court Base 2.0 Feminino E Masculino adidas ,349,99,243,99,4.8,(377)
FILA,Tênis Fila Kenya Racer Kr6 Alta Performance Masculino,599,99,365,99,5.0,(3)
OLYMPIKUS,Olympikus Corre 3 3 Sem gênero Adultos,499,99,50,,4.9,(278)
DIX,Tênis Para Academia Masculino Malhar Corrida Promoção,66,90,63,55,4.5,(1766)
FILA,Fila Track 3.0 Masculino Adultos,199,34,19,,,
,Tênis Esportivo It Shoes Amortecedor Gel Masculino,78,90,7,67,4.6,(578)
OLYMPIKUS,Olympikus Casual Noventa Masculino Adultos,279,99,198,79,4.8,(657)
,Tenis Masculino Olimp Kit 02 Pares Academia Promoção Oferta,139,90,13,60,4.4,(3094)
NEW BALANCE,New Balance Evoz V3 Masculino Adultos,699,90,453,92,,
UNDER ARMOUR,Under Armour Pacer Masculino Adultos,449,99,229,99,4.6,(670)
SKECHERS,Tênis Skechers Go Walk Max Modula Masculino Casual,199,89,19,43,4.9,(17)
REEBOK,Tenis Reebok Zig Kinetica 2.5 Adventure Masculino 100074670,1.099,94,109,,,
,Tenis Sapatilha Bike Pesca Corrida Academia Neoprene Confort,53,67,17,,4.6,(449)
RAINHA,Tênis Rainha Vl 2500 Futsal Vôlei Academia Capoeira Corrida,78,90,7,67,4.6,(802)
OLYMPIKUS,Olympikus Corre 3 Masculino Adultos,499,99,50,,4.5,(129)
ASICS,Tênis Asics Masculino Feminino Varias Cores Do 34 Ao 43,105,99,98,57,4.1,(673)
,Tênis Bolsonaro Masculino Feminino Patriota Style Super Leve,199,90,33,32,4.6,(145)
,Tenis Olimp Esportivo Masculino Feminino Leve E Macio,78,90,7,67,4.1,(5844)
OLYMPIKUS,Olympikus Corre 3 Masculino Adultos,499,99,50,,4.5,(129)
,Tenis Olimp Esportivo Masculino Feminino Leve E Macio,78,90,7,67,4.1,(5844)
,Tênis Masculino Corrida Caminhada Academia Macio Barato Top,51,90,43,70,4.4,(3510)
UNDER ARMOUR,Tênis Under Armour Charged Quicker Masculino,444,33,339,40,,
,Tenis Masculino Treino Academia Fitness Look Shoes,179,90,79,15,,
,Combo 3 Tênis Sapatênis Masculinos Barato,78,99,7,68,4.2,(28)
,Kit 3 Tênis Masculino Prospect Fly Oferta Promoção + Relógio,219,90,138,53,4.3,(22)
MIZUNO,Tênis Unissex Pro 8 Wave Refletivo Confortável - Promoção,469,75,399,28,,
,Tenis Masculino Academia Corrida Wave Force Promoção Barato,75,99,72,19,4.2,(366)
OLYMPIKUS,Tênis Running Masculino Olympikus Pride 3,493,99,49,40,,
,Tenis Feminino Casual Nyc Shoes Masculino Moda Adulto,109,90,75,83,4.5,(4072)
OLYMPIKUS,Tênis Running Masculino Olympikus Diffuse 5 Preto,370,46,37,05,,
,Kit Tênis Esportivo It Shoes Masculino + Relógio Digital,119,90,113,90,4.4,(324)
FILA,Tênis Running Masculino Fila Float Maxxi 2 Pro Verde,1.111,16,111,,,
,Tenis Esporte Academia Corrida Caminhada Confortável Leve,69,90,6,79,4.5,(414)
,Tênis Bolsonaro Masculino Feminino Patriota Style Super Leve,199,90,33,32,4.6,(145)
TAYGRA,Taygra Original Para Dança Confortável  Preto - Envio 24hs ,179,90,170,90,4.8,(120)
OLYMPIKUS,Olympikus Casual Zex Sem gênero Adultos 43434168,199,92,189,92,4.8,(249)
DM DAMANDO,Kit 2 Pares Tênis De Academia Treino Original Lançamento Dm,149,90,37,48,4.0,(2)
OLYMPIKUS,Tênis Olympikus Corre Grafeno 2 Masculino,666,56,66,66,,
OLYMPIKUS,Tênis Masculino Running Dynamic Original Olympikus,345,75,34,58,,
,Tênis Masculino Academia Caminhada Corrida Training Bylbow,78,90,67,45,4.6,(3109)
OLYMPIKUS,Tênis Olympikus Challenger 5 Branco E Cinza - Masculino,299,99,263,99,5.0,(2)
MIZUNO,Mizuno Wave Zest Masculino Adultos,419,56,331,45,4.6,(67)
OLYMPIKUS,Tênis Masculino Esportivo Olympikus Soma Original,219,90,173,72,,
UNDER ARMOUR,Tênis Masculino E Feminino Tribase Reps Under Armour Novo,449,99,395,99,4.7,(15)
OLYMPIKUS,Olympikus Ultraleve 155G Masculino Adultos,214,90,30,70,4.7,(19)
,Tênis Bolsonaro : Liberdade Style Super Confortável ,169,90,33,98,4.8,(114)
,Tênis Esportivo On Shoes Masculino/feminino ,77,80,61,46,4.7,(4742)
,Tênis Ortopédico Caminhada Academia Corrida Crossfit Confort,78,90,74,95,,
MIZUNO,Tênis Running Masculino Mizuno Prophecy 13 Branco,2.223,41,1.756,65,,
FILA,Fila Running Progress Masculino Adultos,333,22,290,90,4.7,(178)
BOX200,Tênis Masculino Tamanho Especial Esporte Caminhada Box 200,89,90,76,41,4.5,(612)
DIX, Tênis Maculino Academia Promoção R-4200 - Kit 2 Pares,139,90,132,90,4.2,(574)
OLYMPIKUS,Olympikus Eros Masculino Adultos,167,90,33,58,4.8,(1300)
NEW BALANCE,Tênis New Balance Fresh Foam Arishi V4 Masculino,499,90,389,50,,
MIZUNO,Tênis Mizuno Masculino Wave Mirai 5 Esportivo Corrida,529,90,386,82,5.0,(4)
FILA,Fila Racer T2 Masculino Adultos,599,90,365,93,4.9,(97)
FILA,Tênis Fila Ride Unissex Original ,329,99,234,29,5.0,(1)
MIZUNO,Mizuno Wave Falcon 5 Masculino Adultos,431,80,410,21,4.9,(8)
OLYMPIKUS,Olympikus Aquarios Masculino Adultos,237,49,184,99,4.8,(1003)
OLYMPIKUS,Olympikus Poseidon Masculino Adultos,179,31,159,86,4.7,(591)
DM DAMANDO,Kit Tenis Confortavel Masculino P/academia Corrida + Relógio,78,90,74,95,4.6,(215)
WM,Tenis Masculino Feminino Olimp Exclusivo Pronta Entrega,199,99,97,99,4.3,(39)
MIZUNO,Tênis Mizuno Masculino Wave Legend 2 Esportivo Corrida,639,90,426,55,,
UNDER ARMOUR,Under Armour Dagger Masculino Adultos,399,99,346,99,4.6,(49)
OLYMPIKUS,Olympikus Voa 2 Masculino Adultos,299,99,207,99,4.8,(360)
FILA,Fila KR6 Masculino Adultos,599,90,357,20,4.7,(189)
OLYMPIKUS,Tênis Running Masculino Olympikus Evasense Dynamic,345,75,273,14,,
MIZUNO,Mizuno Wave Mirai 5 Masculino Adultos,379,90,300,12,4.5,(548)
ADIDAS,adidas Runfalcon 3.0 Masculino Adultos,461,05,309,20,4.7,(558)
,Tenis Masculino Academia Corrida Wave Force Promoção Barato,75,99,72,19,4.2,(366)
MIZUNO,Tênis Pro 8 Wave Preto Com Cinza Refletivo Confortavel,422,36,401,24,,
,Kit Tênis De Corrida Masculino Academia Leve + Relógio,99,90,9,71,4.4,(260)
ADIDAS,Tênis Ultimashow adidas,349,99,191,99,4.9,(14)
ADIDAS,adidas Runfalcon 3.0 Masculino Adultos,461,05,309,20,4.7,(558)
NB,Tênis Masculino New Balance 997s Sport Anatómico Macio ,209,99,195,29,4.9,(8)
MIZUNO,Mizuno Space 3 Masculino Adultos,199,17,33,,4.8,(1431)
MIZUNO,Tênis Mizuno Wave Zest Masculino,499,90,394,25,5.0,(3)
NEW BALANCE,New Balance 500 V2 Masculino Adultos,467,85,336,85,4.4,(27)
MIZUNO,Tenis Esportivo Exclusivo Atividade Fisica Leve Confortavel,149,90,14,57,4.6,(324)
BLACK FREE,Kit 2 Pares Tênis Black Free Evolution Masculino Promoção,219,90,31,41,4.5,(642)
MIZUNO,Tênis Mizuno Masculino Wave Mirai 5 Esportivo Corrida,529,90,386,82,5.0,(4)
ASCENSION,Tenis Masculino E Feminino De Caminhada Ortopedico Crossfit,68,67,22,,4.7,(2153)
,Sapatilha Aquatica Neoprene Secarapido Sola Forte Confort,52,90,17,63,4.6,(751)
OLYMPIKUS,Tênis Olympikus Proof 3 Caminhada Treino Corrida Academia,199,90,33,32,4.6,(172)
OLYMPIKUS,Tênis Running Masculino Olympikus Evasense Dynamic,345,75,304,25,,
ASCENSION,Tenis Masculino Leve Confotavel Dia A Dia Para Treino,109,90,36,63,4.5,(157)
,Kit Combo 2 Tenis Masculino Academia Caminhada Corrida Top,169,90,152,91,4.6,(1689)
EVOLTENN,Kit 3 Pares Tênis Esportivo Masculino Evoltenn Style Corrida,188,90,179,45,4.4,(1568)
OLYMPIKUS,Olympikus Diffuse 5 Masculino Adultos,239,99,34,28,4.8,(335)
EVOLTENN,Kit 3 Combo Tenis Masculino Corrida Original Academia Leve,198,78,178,90,4.5,(1004)
,Kit 3 Tênis Masculino Prospect Fly Oferta Promoção + Relógio,219,90,138,53,4.3,(22)
BF SHOES,Tênis Esportivo Masculino Para Malhar Confortável Lançamento,78,90,74,20,4.5,(1870)
FILA,Fila Racer Carbon 2 Masculino Adultos,1.097,90,999,08,5.0,(3)
MIZUNO,Mizuno Wave Nirvana 9 Masculino Adultos,147,75,36,,5.0,(1)
MIZUNO,Tênis Feminino Ou Masculino Academia Promoção Pronta Entrega,98,50,32,83,4.3,(1438)
ADAPTION,Adaption Limited Masculino Adultos,72,99,7,09,4.4,(471)
ASCENSION,Tênis Esportivo Ortopédico Para Academia Treino Dia A Dia,144,90,137,65,4.4,(311)
OLYMPIKUS,Tênis Olympikus Corre Grafeno 2 Para Corrida Maratona,849,90,662,92,,
PUMA,Tênis Puma Masculino Cell Divide V2 Bdp Para Corrida,589,90,448,32,5.0,(2)
FILA,Tênis Fila Ride Masculino / Feminino - Original ,329,99,230,99,,
OLDSEN,Tenis Masculino Unissex Botinha Corrida Academia Promoção,78,90,74,95,4.5,(910)
OLIMPAK,Tênis Esportivo Masculino Olimpak Para Caminhada Academia,106,10,100,79,4.4,(3217)
,Tenis Masculino Academia Corrida Wave Force Promoção Barato,75,99,72,19,4.2,(366)
,Tênis Masculino Academia Rixxon Leve Promoção Barato ,87,90,80,86,4.4,(469)
MIZUNO,Kit Tênis Mizuno Masculino Victory Rsp + Meia Color Sports,639,90,505,52,,
,"Tenis Olympikus Proof 3 Masculino Numero 45,46,47,48",199,90,189,90,4.8,(429)
PUMA,Tênis Puma Haste Sl Bdp Masculino,569,90,429,90,,
MORMAII,Tenis Mormaii Impetus Red Storm,192,96,173,70,,
BF SHOES,Tênis Branco Lançamento Original Confortável,98,62,78,89,4.6,(7227)
,Tênis Masculino Esportivo Caminhada Academia Corrida - It,89,90,78,21,4.5,(382)
ASICS,Tênis Asics Masculino Feminino Varias Cores Do 34 Ao 43,105,99,98,57,4.1,(673)
,Tenis Feminino Masculino Olimp Academia Leve Confortável,69,99,66,49,4.4,(1074)
,Tenis Sport Titanium  Original - Esportivo,78,90,62,33,4.5,(3536)
,Tênis Masculino Olymp Olimp Space Caminhada Barato Promoção ,78,99,67,14,4.3,(2308)
ADAPTION,Kit 2 Pares De Tenis Masculino Academia Limited + Relogio,139,90,118,91,4.4,(4072)
LYND,Tênis Masculino Corrida Academia Caminhada Lynd- Grid 321,199,90,169,91,4.6,(371)
PLAZA,Kit 2 Tênis Esportivo Casual Neo Running + Relógio Digital,137,90,13,40,4.4,(39)
MIZUNO,Tenis Esportivo Exclusivo Atividade Fisica Leve Confortavel,149,90,14,57,4.6,(324)
,Tênis Cross Tryd 5400 Academia Caminhada Confortável Leve,99,99,69,99,4.5,(1578)
OLDSEN,Tênis Masculino Jaguar Oldsen Treino Corrida Promoção Top,78,97,75,02,4.4,(2878)
OLYMPIKUS,Olympikus Casual Jogging 100 Sem gênero Adultos OBTN068_1-012,173,82,16,,4.7,(2928)
OLDSEN,Tenis Masculino Casual Macio Caminhada Treino Oldsen Bmax ,78,99,75,04,4.2,(84)
OLYMPIKUS,Olympikus Jogging 100 Masculino Adultos,209,90,165,82,4.5,(80)
,Tênis Masculino Esportivo Caminhada Academia Corrida - It,89,90,78,21,4.5,(382)
,Tênis Bolsonaro : Liberdade Style Super Confortável ,169,90,33,98,4.8,(114)
WEST,Tênis Kit 2 Pares Mizwest 20 Promoção Masculino Garantia !!1,155,90,15,15,4.0,(324)
MIZUNO,Tênis Masculino Mizuno Wave Creation Original Macio Corrida,199,90,129,93,3.9,(54)
OLYMPIKUS,Tênis Masculino Olympikus Diffuse 5 Original Esportivo,299,99,254,99,4.9,(64)
ASICS,Asics Gel-Rebound Masculino Adultos,399,21,315,52,4.5,(13)
EVOLTENN,Tenis Academia Corrida Original Caminhada Evoltenn Crossfit,78,90,74,95,4.5,(3504)
OLYMPIKUS,Olympikus Casual Urbano Ast Masculino Adultos,187,17,31,,,
,Tênis New Balance 997s Original Cores Lançamento Exclusivos!,209,99,199,49,4.2,(41)
,Tênis Para Academia Treino Corrida Caminhada Original,59,90,47,32,4.6,(417)
,Kit Combo 2 Tenis Masculino P/ Treino Academia Confortável,147,90,36,98,,
,Tenis Esporte Academia Corrida Caminhada Confortável Leve,69,90,6,79,4.5,(414)
,Tênis Masculino Olymp Olimp Space Caminhada Barato Promoção,78,90,71,01,4.2,(2247)
EVOLTENN,Kit 3 Combo Tenis Masculino Corrida Treino Academia Leve,189,95,160,55,4.5,(292)
MVP FITNESS,Tênis Mvp Para Crossfit - 3x3 All Black,379,05,360,01,4.8,(123)
FILA,Fila Cage Python Masculino Adultos,199,90,19,43,4.5,(201)
T-SHOES,Tênis Extremecross Speed Trekking Trilha Ciclismo Corrida,174,49,153,55,4.5,(235)
BLACK FREE,Kit 2 Pares Tênis Black Free Evolution Masculino Promoção,219,90,31,41,4.5,(642)
PLAZA,Kit 2 Tênis Masculino Casual Esportivo Neo Running Academia,125,90,12,24,4.1,(74)
NB,Tênis Masculino New Balance 997s Sport Exclusivo Original,249,99,194,99,4.3,(19)
OLYMPIKUS,Olympikus Eros Sem gênero Adultos,179,99,36,,4.9,(47)
VANELLI,Kit 2 Pares Tênis Masculino Esportivo Leve Macio Promoção,142,90,135,75,4.6,(66)
PUMA,Puma Viz-Tech Viz Runner V2 BDP Masculino Adultos,333,22,289,06,4.7,(93)
,Tênis Masculino Esportivo Caminhada Academia Corrida,89,90,78,21,4.5,(498)
OLYMPIKUS,Tênis Olympikus Proof Masculino Original,175,55,166,77,4.6,(7)
UNDER ARMOUR,Tênis De Corrida Unissex Under Armour Charged Wing,299,99,230,99,,
,Kit 2 Tenis Masculino Esportivo Adulto Caminhada Corrida To,141,48,13,75,5.0,(4)
,Tênis Para Academia Treino Corrida Caminhada Original,59,90,47,32,4.6,(417)
UNDER ARMOUR,Tênis Under Armour Essential 2 Original Academia Masculino,262,49,199,99,4.8,(307)
ON RUNNING,Tênis On Running Cloud X 2.0,599,90,59,99,4.9,(38)
NEW BALANCE,Tênis New Balance 997s Sport Masculino Adulto - Couro,196,29,186,47,,
,Tênis Meia Masculino E Feminino Unicc Lançamento,79,90,26,63,4.7,(58)
OLYMPIKUS,Olympikus Challenger 4 Masculino Adultos,299,99,220,38,4.7,(9)
ZEUZ,Tênis Masculino Leve Esportivo Conforto Dia A Dia Elástico,89,99,30,,4.4,(5)
OLYMPIKUS,Tenis Masculino Olympikus Proof ,247,85,188,36,4.8,(261)
OLYMPIKUS,Olympikus Casual Triunfo 2 Masculino Adultos,229,99,161,50,4.8,(372)
,Kit 2 Tênis Masculino Ferrari New Caminhada Confortável Leve,339,90,173,34,5.0,(2)
EVOLTENN,Tênis Esporte Masculino Feminino Treino Academia Caminhada,78,90,62,33,4.4,(613)
MIZUNO,Mizuno Wave Dynasty 5 Masculino Adultos,307,85,286,30,4.7,(902)
CREATION,Combotênis Academia Creation 20 Combo De 3 Pares Confortável,199,90,33,32,4.1,(234)
MIZUNO,Mizuno Victory RSP Masculino Adultos,349,90,297,41,,
OLDSEN,Tênis Masculino Academia Esportivo Caminhada Academia ,78,90,69,43,4.3,(167)
,Tênis Esporte Masculino Pronta Entrega Barato,66,90,63,55,4.4,(1338)
OLYMPIKUS,Olympikus Corre Grafeno 2 Masculino Adultos,527,09,51,,4.7,(20)
RAINHA,Tênis Chuteira Futsal Futebol Salão Corrida Academia Macio,108,70,97,83,4.3,(227)
,Sapatênis Masculino Em Couro Legitimo Kit Com Relógio Tenis,149,90,77,94,4.2,(42)
,"Tenis New Luxxor Masculino Academia Caminhada Corrida,",54,90,43,37,4.2,(2538)
OLYMPIKUS,Tênis Olympikus Reverso 2 Preto - Adulto,379,99,254,59,,
OLYMPIKUS,Olympikus Difuse 2 Sem gênero Adultos,88,50,8,60,3.7,(15)
RAYCONN,Tenis 4 Molas Masculino Corrida Caminhada Running Original,186,95,166,38,4.4,(48)
,Kit Tênis De Corrida Masculino Academia Leve + Relógio,99,90,9,71,4.4,(260)
NB,Tenis Calçados Nb Promoção 997s Masculino Envio Rápido,214,90,199,85,4.5,(17)
KALLUCCI,Tênis Militar Tático Corrida Kallucci Tfm Todo Em Couro,219,90,173,72,4.6,(33)
LYND,Tênis Esportivo Masculino Corrida Caminhada- Vent 158,199,90,149,92,4.5,(112)
STARFLEX,Tênis Com Amortecedor Masculino Corrida Esportivo Flex Mola ,134,90,33,72,4.8,(18)
,Tenis Esporte Academia Corrida Caminhada Confortável Leve,69,90,6,79,4.5,(414)
PLAZA,Kit 2 Tênis Masculino Casual Esportivo Neo Running Academia,125,90,12,24,4.1,(74)
OLYMPIKUS,Tenis Masculino Olympikus Diffuse Hypersox Macio - Original,377,85,256,93,4.6,(76)
OLYMPIKUS,Tênis Olympikus Corre 3 Unissex,499,99,50,,4.9,(328)
,Tenis Menino Infantil Ad Escolar Esportivo Merks ,69,90,46,55,4.6,(126)
OVERTRAK,Tenis Sport Titanium Corrida Caminhada Esportivo,39,99,13,33,4.4,(27)
FILA,Tênis Fila Float Maxxi 2 Masculino,699,90,629,91,,
ON RUNNING,Tênis On Running Cloud Midnight,599,90,59,99,4.8,(8)
,Tenis Sport Titanium  Original - Esportivo,78,90,62,33,4.5,(3536)
,Tênis Masculino Esporte Fino Kit Carteira + Relogio Brinde,104,90,10,20,4.2,(48)
OLYMPIKUS,Tênis Olympikus Cygnus Cinza E Verde,149,90,37,48,4.8,(29)
OLDSEN,Tenis Unissex Infantil Jaguar Corrida Academia Treino 34-43,78,90,74,95,4.6,(841)
NEW BALANCE,New Balance Fresh Foam Garoe Masculino Adultos,584,40,58,,4.7,(14)
OLYMPIKUS,Olympikus Neblina Masculino Adultos,359,90,284,05,4.8,(45)
LYND,Tênis Esportivo Masculino Corrida Caminhada- Vent 424,199,90,149,92,4.4,(88)
OLYMPIKUS,Tênis Olympikus Index 3    Caminhada Academia +leve Original,219,99,189,19,,
PUMA,Tênis De Corrida Retaliate 2 Puma Tênis De Corrida,399,90,39,99,5.0,(1)
,Sapatilha Híbrida Aquática Pesca Neoprene Trilha Bike Praia,53,67,17,,4.6,(211)
STARFLEX,Tênis Com Amortecedor Masculino Corrida Esportivo Flex Mola ,134,90,33,72,4.8,(18)
SKECHERS,Skechers GORun Fast Masculino Adultos,329,90,32,99,,
OLYMPIKUS,Olympikus Perfect 3 Masculino Adultos,279,41,220,42,4.8,(230)
FILA,Tenis Fila Ride Masculino-bege/marinho,317,99,254,39,,
OLYMPIKUS,Tênis Olympikus Corre Supra Unissex,1.199,,120,,4.9,(10)
PUMA,Puma Electron E Masculino Adultos,469,99,45,57,,
,Combo 2 Pares Tênis Jeet Masculino Corrida Caminha Promoção,249,90,150,58,4.3,(541)
OLYMPIKUS,Tênis Olympikus Masculino Esportivo Reverso 2 - Original,379,99,239,39,5.0,(9)
OLYMPIKUS,Olympikus Treino Beats Masculino Adultos,299,10,269,09,4.6,(34)
OLYMPIKUS,Tênis Olympikus Estilo 2 Preto,199,90,33,32,3.6,(9)
,"Tenis Esportivo Feminino Masculino,resistente, Confortavel!",69,90,6,79,4.5,(104)
PLAZA,Kit 2 Pares De Tênis Casual Esportivo Neo Original Promoção,137,90,34,48,4.1,(28)
SAPATOFRAN,Tênis Masculino Esportivo X-try P/ Treinos,99,,33,,,
PLAZA,Kit 4 Pares Tênis Casual Esportivo Original Neo Atacado ,269,90,33,74,4.3,(18)
HOCKS,Tenis Hocks Clássico Preto Original Unissex Skatista,349,90,279,92,,
OLYMPIKUS,Tênis Olympikus Corre Grafeno 2 Corrida Laranja E Neon - Mas,599,90,59,99,5.0,(2)
KAPPA,Tênis Kappa Impact Masculino Open Box,99,90,9,71,,
,Tênis Masculino Esportivo Ortopédico Original  + Relógio,109,90,10,68,,
OLYMPIKUS,Tenis Feminino E Masculino Confortável Para Esportes Oferta,100,33,33,,,
FILA,Fila Athlon Masculino Adultos,249,90,197,42,4.8,(17)
FILA,Tênis Fila Kr6 Masculino Amarelo Neon Running Corrida,379,90,360,90,5.0,(23)
MZ,Tênis Feminino Ou Masculino Academia Pronta Entrega Mzuno,98,50,32,83,4.5,(55)
FILA,Tenis Fila Racer Nairobi Masculino-marinho/cinza/branco,347,34,277,87,,
OLYMPIKUS,Tenis Masculino Olympikus Cyber 4 Lançamento,259,90,32,49,,
OLYMPIKUS,Tênis Olympikus Estilo 2 Preto,209,90,34,98,5.0,(2)
MIZUNO,Mizuno Wave Prophecy 13 Masculino Adultos,1.679,50,1.595,,5.0,(1)
RAINHA,Tênis Masculino Corrida Leve E Resistente Lindo Rainha Z239,169,99,16,52,4.7,(80)
MIZUNO,Mizuno Cool Ride Masculino Adultos,379,90,238,88,4.7,(840)
WM,Tenis Olimp Masculino Feminino Lançamento Muito Envio Rápido,109,99,36,66,4.2,(37)
LUIZA PAULA,Tênis Academia Unissex Conforto Leve Corrida Frete Grátis,99,90,9,71,4.6,(39)
MIZUNO,Mizuno Wave Way 3 Masculino Adultos,345,54,276,43,4.7,(277)
OLYMPIKUS,Tênis Olympikus Corrida Masculino Urbex Ref: 104,199,90,33,32,,
ADIDAS,adidas Lite Racer 3.0 Masculino Adultos,299,90,33,32,4.7,(464)
OLYMPIKUS,Tênis Masculino Olympikus Dynamic Academia Caminhada,240,60,117,20,4.3,(8)
OLYMPIKUS,Tênis Running Masculino Olympikus Original Pride 3,493,99,390,25,,
STARFLEX,Tênis Com Amortecedor Masculino Corrida Esportivo Flex Mola ,134,90,33,72,4.8,(18)
PLAZA,Kit 2 Tênis Esportivo Casual Neo Running + Relógio Digital,137,90,13,40,4.4,(39)
,Tênis Masculino Esportivo Ortopédico Original  + Relógio,109,90,10,68,,
OLYMPIKUS,Tênis Running Masculino Olympikus Original Pride 3,493,99,390,25,,
HARD,"Tenis Masculino, Corrida Esportivo Levinho Novo Lançamento",129,98,79,66,4.2,(54)
DM DAMANDO,Kit Combo 2 Tenis Masculino Dm Damando Academia + Relógio,149,90,14,57,4.5,(13)
VANS,Vans Knu Stack Masculino Adultos,280,20,109,61,3.5,(11)
DM DAMANDO,Combo 2 Tenis Masculino Academia Leve Confortável + Relógio,154,90,15,06,,
,Tênis Masculino Esporte Fino Kit Carteira + Relogio Brinde,104,90,10,20,4.2,(48)
,Kit Combo 2 Tenis Masculino P/ Treino Academia Confortável,147,90,36,98,,
,Tênis Masculino Olymp Olimp Space Caminhada Barato Promoção ,78,99,67,14,4.3,(2308)
OLYMPIKUS,Olympikus Express Masculino Adultos,274,99,195,99,4.6,(276)
OLYMPIKUS,Tênis Olympikus Corre 3 Branco Unissex,499,90,49,,5.0,(25)
EVOLTENN,Kit 3 Tênis Desportivo Solado Trançado Macio Envio Imadiato,189,90,170,91,4.1,(42)
OLYMPIKUS,Olympikus Cyber 3 Masculino Adultos,269,90,177,65,4.7,(35)
SCHIARELI,Tênis Confortavel Esportivo Leve Macio Varias Cores,139,90,34,98,4.7,(51)
EVOLTENN,Kit Três Tênis Desportivo De Corrida Para Academia Promoção,198,90,168,15,4.6,(185)
OLYMPIKUS,Tênis Esportivo Masculino Olympikus Zex Ref: 168,199,99,33,33,,
,Tênis Meia Masculino E Feminino Sem Cadarço Confortável,62,90,6,11,4.7,(176)
ADRUN,Tênis Esportivo Masculino Adrun Walk 8306m,140,91,35,23,4.8,(27)
OLYMPIKUS,Olympikus Proof 2 Masculino Adultos,169,90,33,98,4.7,(74)
,Tenis Hibrido Sapatilha Aquatica Neoprene Confortável Top,54,,18,,4.8,(28)
ON RUNNING,Tênis On Running Cloud Blue Denim,599,90,59,99,5.0,(4)
OUSY SHOES,Kit 2 Tênis Masculino Academia Easy Cadarço Caminhada Novo,159,90,130,15,4.4,(75)
FILA,Fila Racer Spider Masculino Adultos,311,92,246,41,4.8,(149)
ADRUN,Tênis Esportivo Masculino Adrun Flex Moove 9704m-167 Preto,149,90,37,48,,
ZEUZ,Tênis Masculino Esportivo Caminhada Academia Musculação Leve,80,77,7,85,4.0,(7)
OLYMPIKUS,Tênis Olympikus Neblina Masculino,279,90,31,10,4.5,(18)
PLAZA,Kit 2 Pares De Tênis Super Leve Plaza Neo Esportivo +relógio,139,90,13,60,4.3,(379)
FILA,Tenis Fila Masculino Promoção ,289,90,32,21,4.7,(22)
EDGE,Tênis Masculinos Edge Low Bull Preto,189,89,31,65,,
OLYMPIKUS,Tênis Running Masculino Treino Olympikus Diffuse 5,370,46,326,60,,
OLYMPIKUS,Tênis Olympikus Corre 3 Original Corrida Caminhada,499,88,48,46,,
FILA,Fila Recovery - Masculino - Original - Corrida,289,40,32,16,,
,Conjunto Moletom Masculino Pijama Blusa Tenis Masculino,159,90,15,54,4.2,(25)
NB,Tênis Nb Casual Esportivo Macio Leve Pronta Entrega Promoção,196,32,32,72,4.5,(39)
UNDER ARMOUR,Tênis Under Armour Spawn 3 Preto,359,90,35,99,4.7,(250)
FILA,Tenis Fila Float Fenix Masculino-azul/marinho/laranja,365,62,292,49,,
OLYMPIKUS,Tênis Olympikus Cygnus Cinza E Verde,149,90,37,48,4.8,(29)
MIZUNO,Tênis De Corrida Masculino Mizuno Victory Rsp 0590 Original,349,90,297,41,,
,Tênis Corrida Tamanho Especial Masculino Revior ,139,90,34,98,,
NEW BALANCE,Tênis New Balance 997s Sport Exclusivo Lançamento ,209,07,198,61,4.0,(5)
OLYMPIKUS,Tênis Olympikus Corre 3 Verde,499,90,49,99,4.8,(124)
,Tênis Masculino Corrida Advanced Edição Run Nova Tecnologia,109,90,36,63,4.5,(207)
OLYMPIKUS,Tênis Casual Olympikus Noventa Preto Unissex Pro,212,98,191,68,4.6,(15)
OLYMPIKUS,Tênis Olympikus Vibração Masculino Esportivo - Original,179,90,142,12,4.7,(392)
DM DAMANDO,Tenis Masculino Academia Para Treino Em Nylon Leve,69,90,6,79,3.7,(6)
MIZUNO,Tênis Masculino Wave Creation Treino Macio Original Promoção,199,90,129,93,,
OLYMPIKUS,Tênis Olympikus Triunfo 3 Masculino - 314,229,90,32,84,,
PLAZA,Kit 2 Pares De Tênis Masculino Academia Caminhada Casual Neo,129,90,12,63,4.2,(531)
,Tênis Misuno Propheecy Ls 8 X  Envio Gratis Oferta,155,39,31,08,,
WAVE,Kit Com 3 Pares Super Promoção Tênis Esportivo Molas Creatio,218,90,31,27,3.9,(82)
OLYMPIKUS,Tenis Esportivo Masculino Feminino Barato Leve E Resistente,109,90,96,80,4.1,(523)
,Tênis Olimpikus Masculino Feminino Difuse Flash Promoção,96,49,9,38,4.1,(189)
,Tênis Masculino Esportivo Ortopédico Original  + Relógio,109,90,10,68,,
,Tênis Masculino Olymp Olimp Space Caminhada Barato Promoção ,78,99,67,14,4.3,(2308)
OLYMPIKUS,Olympikus Express Masculino Adultos,274,99,195,99,4.6,(276)
OLYMPIKUS,Tenis Masculino Olympikus Volcan,199,90,33,32,4.6,(93)
HEADER,Kit 2 Tênis Masculino Header Easy Várias Cores Top + Relógio,129,90,32,48,4.5,(32)
N&W,Tênis New Balance 997 Original Importado Lançamento ,239,88,189,50,4.3,(104)
,Tênis Masculino Prospect Ultra Leve Macio Esportivo Academia,78,90,26,30,,
OLYMPIKUS,Tenis Masculino Olympikus Cyber 3,249,90,31,24,4.9,(60)
ASICS,Asics Gel-Shogun 5 Masculino Adultos,479,90,323,25,4.8,(162)
OLYMPIKUS,Tênis Masculino Olympikus Original Academia Caminhada Rápido,349,90,118,96,3.2,(11)
ADRUN,Tênis Esportivo Masculino Adrun Walk 8306m,140,91,35,23,4.8,(27)
BF SHOES,Tênis Esportivo Masculino Para Malhar Confortável Lançamento,78,90,74,20,4.5,(1870)
OLYMPIKUS,Tênis Olympikus Dynamic Masculino Esportivo Original,269,99,237,59,4.9,(23)
EVOLTENN,Kit 2 Tênis Masculino Academia Crossfit Corrida Barato ,159,90,139,90,4.5,(714)
,Tênis Masculino Confortável Academia Promoção Kit 2 Pares,139,58,99,10,,
VIA LIVRE,Tênis Masculino Corrida Advanced Aero Academia Leve Macio,149,90,44,97,5.0,(4)
,Tenis Sapatilha Neoprene Bike Pesca Unissex Top Promoção ,52,33,17,,4.6,(488)
OLYMPIKUS,Tênis Olympikus Corre Grafeno 2 Verde,599,90,59,99,4.9,(49)
MIZUNO,Tênis Masculino Mizuno Cool Ride Original Amortecimento Top,255,72,24,,,
ASICS,Tênis Asics Japan S Masculino,389,90,355,11,,
OLYMPIKUS,Tênis Olympikus Reflect Masculino Preto,249,12,31,,,
,Tenis Masculino Para Sport Treino Academia Ultra Leve ,84,90,28,30,4.7,(37)
,Tênis Masculino Tn Plus 3 Lançamento Envio Imediato,109,86,36,62,,
OLYMPIKUS,Tênis Olympikus Ultraleve 237g,178,24,153,90,,
FILA,Tênis Fila Masculino Esportivo Diversas Opções - Oferta,249,99,234,99,4.3,(9)
NEW BALANCE,New Balance 574 V2 Masculino Adultos,549,90,434,15,5.0,(5)
OLYMPIKUS,Olympikus Challenger 4 Sem gênero Adultos,295,50,265,19,5.0,(10)
GALAXY,Tênis Masculino Caminhada Academia Leve Promoção Kit 3 Pares,176,90,17,19,4.4,(136)
OUSY SHOES,Tênis Caminhada Academia Leve Confortável Feminino Masculino,56,25,5,47,4.5,(88)
POLO JOY,Combo 2 Pares Tenis Masculino Polo Joy Sapatenis Casual,199,90,169,91,4.7,(1353)
,Tênis Corrida Bolha Plus 1 Tn Muito Leve Novo Cr7 Oferta,109,86,36,62,,
WEST,Tênis Kit 2 Pares Mizwest 20 Promoção Masculino Garantia !!1,155,90,15,15,4.0,(324)
OUSY SHOES,Tênis Caminhada Training Leve Confortável Masculino 2019,78,90,62,33,4.5,(67)
DM DAMANDO,Combo 2 Tenis Masculino Sport Academia + Meia + Relógio ,154,90,142,50,4.2,(11)
,Kit 3 Tênis Masculino Prospect Fly Oferta Promoção + Relógio,219,90,138,53,,
OLYMPIKUS,Tenis Olympikus Essential 3 Adultos,299,21,236,74,,
FILA,Tenis Fila Racer T2 S Masculino Corrida Running Triathlon,449,90,44,99,5.0,(1)
HEADER,Kit 2 Tênis Casual Masculino Spider Top Promoção + Relógio,129,90,12,63,4.5,(13)
OLYMPIKUS,Tênis Olympikus Proof 3 Masculino Original,199,99,155,99,4.8,(126)
ADIDAS,Tenis adidas Galaxy 7 Id8760 Preto Branco Original,399,90,39,99,,
,Bermuda Masculina + Tenis Esportivo E Relogio Preço Baixo,109,90,10,68,4.3,(8)
,Kit Combo 2 Tenis Masculino P/ Treino Academia Confortável,147,90,36,98,,
OLYMP,Tênis Lançamento Kit 2 Pares Mega Olymp Promoção Original,144,99,137,74,4.3,(359)
BURCOLLI,Sapatilha Aquática Esportiva Náutica Trilha Cachoeira Bike,51,90,5,04,4.9,(14)
,Tenis Olympikus Dynamic Masculino Esportivo  Original,259,99,246,99,4.7,(43)
OUSY SHOES,Kits Tênis Feminino Masculino Treino 2 Pares Brinde Relógio,169,90,143,45,4.5,(337)
OLYMPIKUS,Olympikus Cyan Sem gênero Adultos,175,01,17,,4.7,(84)
,Tenis Masculino Kit Olimp 02 Pares Academia Entrega Rapida,139,90,13,60,4.4,(625)
BURCOLLI,Sapatilha Aquática Antiderrapante Tênis Aquático Pesca,60,90,48,11,4.7,(61)
ADAPTION,Kit 2 Pares De Tenis Masculino Adaption Academia Limited ,129,90,12,63,4.1,(260)
ADIDAS,Tênis adidas Lite Racer 3.0 All Black,279,90,31,10,4.8,(69)
OLYMPIKUS,Tênis Masculino Olympikus Original Academia Caminhada Rápido,349,90,118,96,3.2,(11)
FILA,Tênis Corrida Masculino // Feminino Fila Recovery Original,295,68,277,93,4.8,(54)
,Tênis Asics Gel Sendai Masculino Academia Corrida Leve Macio,89,90,29,97,,
ASCENSION,Tenis Masculino E Feminino De Caminhada Ortopedico Crossfit,68,67,22,,4.7,(2153)
OUSY SHOES,Kit 2 Tênis Masculino Academia Easy Cadarço Caminhada Novo,159,90,130,15,4.4,(75)
OLDSEN,Tênis Masculino Jaguar Oldsen Treino Corrida Promoção Top,78,97,75,02,4.4,(2878)
ULTRABONE,Tênis Unissex Ultrabone Corrida Caminhada Ultra Leve E Macio,149,90,37,48,5.0,(1)
TAYGRA,Tênis Taygra Conforto Original + Brinde Unissex Várias Cores,179,90,170,90,4.8,(94)
,Sapatilha Neoprene Unissex Secagem Rapida Confortavel Top ,53,67,17,,4.6,(180)
OLYMPIKUS,Tênis Olympikus Utraleve 130g,219,90,31,41,5.0,(1)
ASICS,Tênis Asics Revelation Masculino Feminino Do 34 Ao 43,103,99,98,79,4.2,(256)
OLYMPIKUS,Tênis Casual Olympikus Noventa Preto Unissex,224,98,202,48,5.0,(8)
BF SHOES,Tênis Branco Lançamento Original Confortável,98,62,78,89,4.6,(7227)
EVOLTENN,Kit 3 Combo Tenis Masculino Corrida Original Academia Leve,198,78,178,90,4.5,(1004)
SCHIARELI,Tênis Confortavel Esportivo Leve Macio Varias Cores,139,90,34,98,4.7,(51)
ADAPTION,Kit 2 Tenis Masculino Caminhada Academia Promoção + Relogio,139,90,132,90,4.2,(449)
D3,Tênis Crossfit Masculino Rekoba Caminhada Academia Bararo,149,90,119,92,4.0,(178)
EVOLTENN,Kit Três Tênis Feminino Sportivo Corrida Masculino Caminhada,198,70,168,15,4.5,(16)
,Tênis Para Treino Academia Caminhada Corrida Tryd 5400 Leve,99,99,59,99,4.6,(153)
,Tênis Yezy 350 Masculino- Promoção,299,90,33,32,,
MIZUNO,Tênis Mizuno Cool Ride Masculino Preto Lançamento,287,56,252,49,,
RAYON,Tenis Masculino P/ Academia E Caminhada Preto +  Relógio,119,90,94,72,5.0,(2)
OLYMPIKUS,Tenis Masculino Olympikus Urbex,199,90,33,32,4.9,(30)
BAD FISH,Tênis Track Sapatilha Bad Fish Adventure Pesca Rosa Preto ,204,99,19,93,4.8,(82)
ADIDAS,adidas Trainer V Masculino Adultos,599,99,473,99,5.0,(5)
FILA,Fila Heating Masculino Adultos,310,05,30,,4.8,(208)
OLYMPIKUS,Tênis Masculino Olympikus Urbano Ast Casual,277,67,193,90,4.6,(163)
OLYMPIKUS,Tênis Masculino Olympikus 237g Ultraleve  Esporte Dia A Dia,249,99,24,30,,
,Kit 2 Tênis Masculino Prospect Speed Várias Cores Lançamento,139,90,99,32,5.0,(2)
,Tênis Advanced Masculino Adulto Leve Ultra Confortável Ga060,78,90,7,67,4.6,(8)
BOX200,Tênis Masculino Tamanho Especial Esporte Caminhada Box 200,78,50,71,43,4.5,(258)
POLO JOY,Combo 2 Pares Tenis Masculino Polo Joy Casual Slip On Iate,169,90,16,51,4.6,(355)
OLYMPIKUS,Tênis Olympikus Index 3 Masculino Original,211,10,168,88,4.8,(157)
,Tenis Masculino Casual Polo Running Caminhada Academia,89,90,29,97,3.9,(22)
SCHIARELI,Tênis Masculino Esportivo Com Telinha De Amarrar Plataforma,78,90,26,30,4.8,(8)
MIZUNO,Tenis Mizuno Wave Mirai 5 Masculino,400,45,333,33,4.4,(7)
TN,Tênis Molas Bolha Plus 1 Tn Masculino Novidade Scarpa Cr7,399,90,131,96,,
ADAPTION,Adaption Easy Masculino Adultos,52,90,5,14,4.3,(1412)
ASICS,Tênis Masculino Asics Gel Cumulus Academia Promoção Oferta,349,90,139,96,,
VIA LIVRE,Tênis Masculino Advanced Sport Academia Corrida Fit Vl050,114,90,11,17,4.8,(62)
,Tenis Masculino Oadsey Easy Caminhada Academia Top Boost,59,90,5,82,4.5,(20)
,Tênis Para Corrida Olimpikus Veloz Caminhada Crossfit,99,90,94,90,4.3,(25)
ASICS,Tênis Masculino Asics Gel Original Gel Unissex Academia Novo,349,90,129,46,,
ASICS,Tênis Asics Sendai Academia Caminhada Corrida Treino Macio,299,90,119,95,5.0,(4)
,Tênis Corrida Bolha Plus 1 Tn Muito Leve Novo Cr7 Mes,108,86,10,58,,
OLYMPIKUS,Tênis Olympikus Corre 3 Unissex,499,99,50,,4.9,(13)
ASICS,Tênis Asics Gel Revelation Original Couro Academia Caminhada,249,92,99,96,3.7,(33)
MZ,Combo 4 Tênis Academia Unissex 33 Ao 44 Creation 20 Promoção,549,99,335,35,4.6,(12)
OLYMPIKUS,Tênis Masculino Olympikus Academia Treino Leve Macio Novo,99,99,33,33,,
MIZUNO,Tênis Unissex Pro 8 Wave Refletivo Confortável - Promoção,469,75,399,28,,
ASICS,Tênis Masculino Asics Gel Original Garantia Pronta Entrega,249,90,119,95,,
NEW BALANCE,Ténis Masculino New Balance 997s Original Apronta Entrega,234,99,192,69,4.0,(45)
MIZUNO,Tênis Masculinos Pro 9 Wave Academia Corrida Caminhada + F.g,289,99,32,22,,
ON RUNNING,Tênis On Running The Roger Pro Masculino,1.249,99,124,,,
NEW BALANCE,Tênis Masculino New Balance 247 Original Casual Esporte Ful,349,90,139,95,3.4,(5)
MIZUNO,Kit 2 Tênis Unissex Creation 33 Ao 44 Promoção Limpa Estoque,459,99,248,39,4.1,(94)
WAVE,Kit 3 Tênis Esportivo Wave Creation 20 Oferta Molas Pro,219,90,31,41,4.1,(318)
ADRUN,Tênis Esportivo Masculino Adrun Walk 8306m,140,91,35,23,4.8,(27)
EVOLTENN,Kit 3 Combo Tenis Masculino Corrida Original Academia Leve,198,78,178,90,4.5,(1004)
SCHIARELI,Tênis Confortavel Esportivo Leve Macio Varias Cores,139,90,34,98,4.7,(51)
WAVE,Kit 2 Tênis Masculino Esportivo Molas Wave Creation 20 Orig,207,90,149,68,4.0,(1)
NEW BALANCE,Tênis Masculino New Balance 247 Original Envio Imediato Ful,349,90,139,95,3.9,(17)
,Tênis Para Academia Corrida Trabalhar Caminhada,99,90,94,90,4.5,(16)
CREATION,3 Pares Tênis Confortável Creation 20 Oferta Ótima Qualidade,197,90,32,98,4.7,(39)
NEW BALANCE,Tênis Masculino New Balance 247 Couro Academia Caminhada,299,90,128,95,,
OLYMPIKUS,Tenis Olympikus Masculino Feminino 34 Ao 43 Pronta Entrega,109,99,104,49,4.3,(849)
,Tênis Masculino Academia Rixxon Leve Promoção Barato ,87,90,80,86,4.4,(469)
,Kit 3 Tênis Masculino Prospect Fly Oferta Promoção + Relógio,219,90,138,53,,
EVOLTENN,Kit Três Tênis Desportivo De Corrida Para Academia Promoção,198,90,168,15,4.6,(185)
WAVE,Combo 3 Tênis Masculino Esportivo Promoção Wave Creation,218,90,31,27,3.9,(65)
MIZUNO,Kit 3 Tênis Unissex Creation 33 Ao 44 Promoção Limpa Estoque,449,99,270,,4.3,(32)
ASICS,Tênis Masculino Asics Gel Revelation Original Couro Academia,299,90,128,95,4.8,(9)
MIZUNO,Calçado Nirvana 9 34 Ao 43 Várias Cores Tenis Promoção,139,99,13,61,4.9,(20)
MIZUNO,Tênis Pro 8 Confortável Refletivo Diversas Cores ,471,61,400,86,,
OLYMPIKUS,Tenis Olympikus Ortopédico Unissex Confortável Slip On,229,90,167,82,5.0,(1)
ASICS,Tênis Masculino Varias Cores Confortável Entrega Mais Rápida,109,90,96,71,3.2,(9)
ASICS,Tênis Masculino Asics Gel Sendai 2 Caminhada Academia Macio,299,90,164,94,5.0,(5)
,Tênis Masculino Tn Plus 3 Lançamento Envio Imediato Oferta,108,86,10,58,,
MZ,Kit 3 Tênis Academia Unissex 33 Ao 44 Creation 20 Promoção,449,99,270,,4.1,(12)
,Tênis Masculino Tn Plus 3 Lançamento Envio Imediato,149,90,37,48,,
,Tênis Masculino Balance Corrida Leve 12 Mola,119,90,99,51,4.2,(11)
NEW BALANCE,Tênis Masculino New Balance 247 Original Academia Caminhada,349,90,139,96,,
ON RUNNING,Tênis De Corrida On Running Cloudmonster Masc All Black 12x,1.099,90,109,,5.0,(2)
OLYMPIKUS,Olympikus Only 2 Masculino Adultos,175,,35,,4.7,(2011)
MIZUNO,Tênis Pro 8 Wave Preto Com Cinza Refletivo Confortavel,422,36,401,24,,
ALLSTAR,All Star Converse Cano Alto Black Friday Promoção 2 Par Top,199,87,33,31,4.4,(143)
MIZUNO,Tênis Mizuno Wave Creation 20 Academia Corrida Frete Gratis,199,90,129,93,4.0,(2)
,Tênis 33y New Fashion Pro Original (preto),189,99,31,67,4.7,(19)
MIZUNO,Tênis Masculino Mizuno Wave Creation Original Couro Academia,199,90,129,93,,
MIZUNO,Tênis Mizuno Unissex Confortável Wave Creation 20 33 Ao 44 ,259,99,137,79,4.0,(46)
OLYMPIKUS,Tenis Esportivo Masculino Feminino Promoção Poucas Unidades,109,90,94,05,3.9,(66)
WAVE,Kit 2 Pares Tênis Masculino Academia Wave Creation 20 Full,209,90,149,02,,
ON RUNNING,Tênis De Corrida On Running Cloud 5 Masc Haze/bronze 12x,949,90,94,,,
,Tenis Bolha Plus 3 Tn Masculino Adulto Molas Treino Promoção,149,90,37,48,,
OLYMPIKUS,Tênis Olympikus Zex Masculino - Marinho,199,99,19,44,,
NEW BALANCE,Tênis New Balance 247 Original Couro Caminhada Frete Gratis,299,90,128,95,,
,Tênis Masculino Ferrari New Caminhada Confortável Promoção,239,90,119,95,,
MIZUNO,Mizuno Wave Creation 20 Masculino Adultos,199,90,139,93,2.1,(16)
,Tênis Misuno Propheecy Ls 8 X  Envio Gratis,155,39,31,08,,
,Sapatilha Híbrida Água Ciclismo Pesca Trilha ,132,90,33,22,4.5,(13)
FILA,Fila Atmosphere Masculino Adultos,246,75,30,,2.6,(5)
OLYMPIKUS,Olympikus Asfalto Masculino Adultos,231,99,208,80,,
PUMA,Tênis Puma Scuderia Ferrari New Sapato Clássico/ Promoção,179,90,170,90,,
,Tenis Masculino Casual Elástico Confortavel Lançamento ,199,90,33,32,4.8,(11)
ASICS,Tênis Asics Feminino E Masculino Caminhada Corrida Promoção ,249,90,104,95,,
ALLSTAR,Queimão 2 Pares Tenis Bota Botinha All Chuck Taylor Star Top,195,80,32,63,4.5,(45)
FILA,Fila Recovery Masculino Adultos,289,11,32,,4.7,(1978)
MIZUNO,Tênis Masculino Esportivo Pro 9 Preto Preto Corrida Academia,269,62,33,,4.4,(5)
NEW BALANCE,Tênis Masculino New Balance 247 Promoção Leve Novo Oferta ,349,90,139,95,,
ASICS,Tênis Asics Masculino Feminino Varias Cores Pronta Entrega,103,99,98,79,4.0,(82)
WAVE,Tênis Masculino Wave Creation Confortável Promoção Academia,99,90,33,30,,
EVOLTENN,Kit Três Tênis Desportivo De Corrida Para Academia Promoção,198,90,168,15,4.6,(185)
FILA,Tênis Fila Masculino Esportivo Diversas Opções - Oferta,249,99,234,99,4.3,(9)
ASICS,Tênis Asics Revelation Masculino Feminino Do 34 Ao 43,103,99,98,79,4.2,(256)
NEW BALANCE,Tênis Masculino New Balance 247 Original Casual Oferta Macio,349,90,139,95,5.0,(1)
ASICS,Tênis Masculino Gel Sendai Academia Corrida Oferta Barato,249,90,119,95,,
,Tênis Masculino Exclusivo Sport New Balance 997s Lançamento,211,99,190,80,,
,Tenis Sapatilha Trilha Pesca Ciclismo Antiderrapante Unissex,132,90,33,22,4.7,(121)
MIZUNO,Tênis Mizuno Wave Nirvana 9 Original Couro Corrida Treino,249,90,129,94,3.3,(6)
SKECHERS,Skechers Ultra Flex 2.0 Mirkon Masculino Adultos,349,99,286,99,4.6,(5)
NEW BALANCE,Tênis Masculino New Balance 247 Original Academia Caminhada,349,90,139,96,,
UNDER ARMOUR,Tênis Under Armour Spawn 3 Preto,359,90,35,99,4.7,(250)
WAVE,Combo 3 Tênis Masculino Esportivo Promoção Wave Creation,218,90,31,27,3.9,(65)
MIZUNO,Tênis Masculino Esportivo Pro 9 Wave Preto Corrida Passeios,269,62,33,,,
ASICS,Tênis Asics Gel Sendai Couro Leve Macio Promoção Garantia,299,90,119,95,,
OLYMPIKUS,Tênis Masculino Olympikus Original Academia Leve Macio Novo,99,99,33,33,,
,Tenis Adulto Molas  Masculino Pro 8 Promoçao  Blak 24 Horas,149,90,14,57,,
WAVE,Kit 3 Pares Tênis Academia Super Oferta Wave Creation 20 Pro,218,90,31,27,4.0,(18)
MIZUNO,Tênis Jet Classic,76,33,7,42,,
MIZUNO,Tênis De Corrida Masculino Mizuno Wave Interceptor Rsp,329,99,33,,,
MIZUNO,Tenis Esportivo Exclusivo Atividade Fisica Leve Confortavel,149,90,142,40,4.8,(23)
ASICS,Tênis Masculino Asics Gel Academia Casual Esportes Leve Novo,249,90,119,95,,
SKECHERS,Tênis Skechers Mirkon Original Masculino Slip On Esportivo ,349,99,286,99,,
MIZUNO,Tênis Wave Creation 20 Treino Confortável Unissex  33 Ao 44 ,259,99,109,19,,
ASICS,Tênis Masculino Asics Gel Academia Caminhada Corrida Macio,349,90,129,46,4.6,(7)
NEW BALANCE,Tênis New Balance 247 Original Couro Caminhada Frete Gratis,299,90,128,95,,
ASICS,Tênis Masculino Asics Gel Academia Caminhada Novo Leve Macio,349,90,129,46,,
PUMA,Tênis Puma Masculino Automobilismo Ferrari New / Promoção,179,90,170,90,3.0,(4)
,Tênis Corrida Masculino Tn 1 Plus Conforto Novidade Do Ano,137,99,34,50,,
,Tênis Asisc Reveletion Masculino Feminino Do 34 Ao 43 Leve,89,99,8,75,,
,Tenis Neoprene Prático Confortável Bike Corrida Pesca Trilha,132,90,33,22,,
ASICS,Tênis Masculino Asics Sendai Original Couro Caminhada Macio,299,90,119,95,4.0,(2)
,Tênis Masculinos Wave Pro 12-s Refletivo Corrida Esportivo,299,90,164,94,5.0,(2)
MIZUNO,Tenis Feminino Academia Promoção Nirvana 9 Fit,149,99,14,58,4.5,(171)
ASICS,Tênis Asics Masculino Feminino Esportivo Envio Imediato ,103,99,10,11,4.0,(109)
ASICS,Tênis Masculino Asics Gel Eva Couro Academia Leve Macio Novo,249,90,119,95,4.0,(2)
NEW BALANCE,Tênis Masculino New Balance 247 Original Academia Novo Leve,349,90,139,95,,
MIZUNO,Tênis Masculino Wave Prophecy 8 Pro Ls Areia Novo Na Caixa,159,90,15,54,,
MIZUNO,Tenis Academia Caminhada Corrida Masculino E Feminino ,169,70,149,33,,
OLYMPIKUS,Olympikus Treino Volcan Masculino Adultos,164,99,16,04,4.7,(789)
,Sapatilha Hibrida Nautica Pesca Esportiva Corrida Pedal,43,50,14,50,4.7,(63)
OUSY SHOES,Kit Tênis Masculino Caminhada 3 Pares Easy Confortável Combo,229,90,188,51,4.5,(5987)
HEADER,Tenis Masculino Spider Corrida Caminhada Leve Barato Oferta,75,25,59,75,4.4,(5)
SOFT WORKS,Sapato Super Leve Macio Antiderrapante Cozinha Enfermagem Ca,78,90,7,67,4.4,(7)
,Tênis Esportivo Fast Pro Tenis New Fashion Respirável Branco,189,90,169,01,,
,Tênis Para Treino Academia Caminhada Corrida Leve 33y,189,90,169,01,4.7,(7)
,Tênis Esportivo Fast Pro Tenis New Fashion Respirável,199,90,169,91,,
OLYMPIKUS,Olympikus Griff Masculino Adultos,229,71,32,,4.5,(8)
,Tênis Esportivo Fast Pro Tenis New Fashion Respirável Verde,189,90,169,01,5.0,(3)
,Tênis Esportivo Respirável 33y Unissex Leve,169,90,33,98,4.0,(12)
,Tênis Esportivo Fast Pro Tenis New Fashion Respirável Azul,189,90,169,01,,
,Tênis Para Academia Masculino Malhar Corrida Promoção 33y,199,90,157,92,2.7,(6)
,Tênis Esportivo Fast Pro Tenis New Fashion Respirável Rosa,189,90,169,01,,
ASICS,Tênis Asics Superblast Verde Azul,1.199,90,119,,,
,Tênis Bolsonaro O Mito Liberdade Super Confortável Unisex ,149,79,142,30,,
